{"limitedPitch":30.85714340209961,"limitedRoll":10.607152938842774,"limitedYaw":0.0}