{"limitedPitch":31.114299774169923,"limitedRoll":5.078587055206299,"limitedYaw":0.0}