{"positionX":10.399999618530274,"positionY":13.232145309448243,"positionZ":16.799999237060548,"rotationX":0.0,"rotationY":180.0,"rotationZ":0.0}