{"positionX":10.399999618530274,"positionY":12.000001907348633,"positionZ":16.799999237060548,"rotationX":0.0,"rotationY":180.0,"rotationZ":0.0}